{
    "rmse": 0.6520183543008453,
    "mae": 0.5167616860334399,
    "r2": 0.2883026995006096
}