{
    "rmse": 0.6982518367836484,
    "mae": 0.5384781491291943,
    "r2": 0.2609924268752244
}